<?xml version="1.0" ?>
<LOG_ROOT>
	<PROJECT NAME="vending_machine">
		<CBX_INST_ENTRY INSTANCE_NAME="|vending_machine|lpm_mux:Mux12" CBX_FILE_NAME="mux_umc.tdf"/>
		<CBX_INST_ENTRY INSTANCE_NAME="|vending_machine|lpm_mux:Mux21" CBX_FILE_NAME="mux_3nc.tdf"/>
		<CBX_INST_ENTRY INSTANCE_NAME="|vending_machine|lpm_mux:Mux3" CBX_FILE_NAME="mux_3nc.tdf"/>
		<CBX_INST_ENTRY INSTANCE_NAME="|vending_machine|hex_controller:display|lpm_mux:Mux0" CBX_FILE_NAME="mux_joc.tdf"/>
		<CBX_INST_ENTRY INSTANCE_NAME="|vending_machine|lpm_mux:Mux13" CBX_FILE_NAME="mux_umc.tdf"/>
		<CBX_INST_ENTRY INSTANCE_NAME="|vending_machine|lpm_mux:Mux22" CBX_FILE_NAME="mux_3nc.tdf"/>
		<CBX_INST_ENTRY INSTANCE_NAME="|vending_machine|lpm_mux:Mux4" CBX_FILE_NAME="mux_3nc.tdf"/>
		<CBX_INST_ENTRY INSTANCE_NAME="|vending_machine|hex_controller:display|lpm_divide:Mod0" CBX_FILE_NAME="lpm_divide_28m.tdf"/>
		<CBX_INST_ENTRY INSTANCE_NAME="|vending_machine|hex_controller:display|lpm_mux:Mux1" CBX_FILE_NAME="mux_joc.tdf"/>
		<CBX_INST_ENTRY INSTANCE_NAME="|vending_machine|hex_controller:display|lpm_mux:Mux10" CBX_FILE_NAME="mux_joc.tdf"/>
		<CBX_INST_ENTRY INSTANCE_NAME="|vending_machine|lpm_mux:Mux14" CBX_FILE_NAME="mux_3nc.tdf"/>
		<CBX_INST_ENTRY INSTANCE_NAME="|vending_machine|lpm_mux:Mux23" CBX_FILE_NAME="mux_3nc.tdf"/>
		<CBX_INST_ENTRY INSTANCE_NAME="|vending_machine|lpm_mux:Mux5" CBX_FILE_NAME="mux_3nc.tdf"/>
		<CBX_INST_ENTRY INSTANCE_NAME="|vending_machine|hex_controller:display|lpm_divide:Mod1" CBX_FILE_NAME="lpm_divide_28m.tdf"/>
		<CBX_INST_ENTRY INSTANCE_NAME="|vending_machine|hex_controller:display|lpm_mux:Mux11" CBX_FILE_NAME="mux_3nc.tdf"/>
		<CBX_INST_ENTRY INSTANCE_NAME="|vending_machine|hex_controller:display|lpm_mux:Mux2" CBX_FILE_NAME="mux_3nc.tdf"/>
		<CBX_INST_ENTRY INSTANCE_NAME="|vending_machine|hex_controller:display|lpm_mux:Mux20" CBX_FILE_NAME="mux_joc.tdf"/>
		<CBX_INST_ENTRY INSTANCE_NAME="|vending_machine|lpm_mux:Mux15" CBX_FILE_NAME="mux_umc.tdf"/>
		<CBX_INST_ENTRY INSTANCE_NAME="|vending_machine|lpm_mux:Mux24" CBX_FILE_NAME="mux_3nc.tdf"/>
		<CBX_INST_ENTRY INSTANCE_NAME="|vending_machine|lpm_mux:Mux6" CBX_FILE_NAME="mux_3nc.tdf"/>
		<CBX_INST_ENTRY INSTANCE_NAME="|vending_machine|hex_controller:display|lpm_divide:Mod2" CBX_FILE_NAME="lpm_divide_28m.tdf"/>
		<CBX_INST_ENTRY INSTANCE_NAME="|vending_machine|hex_controller:display|lpm_mux:Mux12" CBX_FILE_NAME="mux_3nc.tdf"/>
		<CBX_INST_ENTRY INSTANCE_NAME="|vending_machine|hex_controller:display|lpm_mux:Mux21" CBX_FILE_NAME="mux_joc.tdf"/>
		<CBX_INST_ENTRY INSTANCE_NAME="|vending_machine|hex_controller:display|lpm_mux:Mux3" CBX_FILE_NAME="mux_joc.tdf"/>
		<CBX_INST_ENTRY INSTANCE_NAME="|vending_machine|lpm_mux:Mux16" CBX_FILE_NAME="mux_3nc.tdf"/>
		<CBX_INST_ENTRY INSTANCE_NAME="|vending_machine|lpm_mux:Mux25" CBX_FILE_NAME="mux_3nc.tdf"/>
		<CBX_INST_ENTRY INSTANCE_NAME="|vending_machine|lpm_mux:Mux7" CBX_FILE_NAME="mux_3nc.tdf"/>
		<CBX_INST_ENTRY INSTANCE_NAME="|vending_machine|hex_controller:display|lpm_divide:Div0" CBX_FILE_NAME="lpm_divide_eem.tdf"/>
		<CBX_INST_ENTRY INSTANCE_NAME="|vending_machine|hex_controller:display|lpm_mux:Mux13" CBX_FILE_NAME="mux_joc.tdf"/>
		<CBX_INST_ENTRY INSTANCE_NAME="|vending_machine|hex_controller:display|lpm_mux:Mux22" CBX_FILE_NAME="mux_joc.tdf"/>
		<CBX_INST_ENTRY INSTANCE_NAME="|vending_machine|hex_controller:display|lpm_mux:Mux4" CBX_FILE_NAME="mux_3nc.tdf"/>
		<CBX_INST_ENTRY INSTANCE_NAME="|vending_machine|lpm_mux:Mux17" CBX_FILE_NAME="mux_3nc.tdf"/>
		<CBX_INST_ENTRY INSTANCE_NAME="|vending_machine|lpm_mux:Mux26" CBX_FILE_NAME="mux_3nc.tdf"/>
		<CBX_INST_ENTRY INSTANCE_NAME="|vending_machine|lpm_mux:Mux8" CBX_FILE_NAME="mux_3nc.tdf"/>
		<CBX_INST_ENTRY INSTANCE_NAME="|vending_machine|hex_controller:display|lpm_divide:Div1" CBX_FILE_NAME="lpm_divide_hem.tdf"/>
		<CBX_INST_ENTRY INSTANCE_NAME="|vending_machine|hex_controller:display|lpm_mux:Mux14" CBX_FILE_NAME="mux_joc.tdf"/>
		<CBX_INST_ENTRY INSTANCE_NAME="|vending_machine|hex_controller:display|lpm_mux:Mux23" CBX_FILE_NAME="mux_3nc.tdf"/>
		<CBX_INST_ENTRY INSTANCE_NAME="|vending_machine|hex_controller:display|lpm_mux:Mux5" CBX_FILE_NAME="mux_3nc.tdf"/>
		<CBX_INST_ENTRY INSTANCE_NAME="|vending_machine|lpm_mux:Mux18" CBX_FILE_NAME="mux_3nc.tdf"/>
		<CBX_INST_ENTRY INSTANCE_NAME="|vending_machine|lpm_mux:Mux27" CBX_FILE_NAME="mux_3nc.tdf"/>
		<CBX_INST_ENTRY INSTANCE_NAME="|vending_machine|lpm_mux:Mux9" CBX_FILE_NAME="mux_3nc.tdf"/>
		<CBX_INST_ENTRY INSTANCE_NAME="|vending_machine|hex_controller:display|lpm_divide:Div2" CBX_FILE_NAME="lpm_divide_rfm.tdf"/>
		<CBX_INST_ENTRY INSTANCE_NAME="|vending_machine|hex_controller:display|lpm_mux:Mux15" CBX_FILE_NAME="mux_joc.tdf"/>
		<CBX_INST_ENTRY INSTANCE_NAME="|vending_machine|hex_controller:display|lpm_mux:Mux24" CBX_FILE_NAME="mux_joc.tdf"/>
		<CBX_INST_ENTRY INSTANCE_NAME="|vending_machine|hex_controller:display|lpm_mux:Mux6" CBX_FILE_NAME="mux_joc.tdf"/>
		<CBX_INST_ENTRY INSTANCE_NAME="|vending_machine|lpm_mux:Mux19" CBX_FILE_NAME="mux_3nc.tdf"/>
		<CBX_INST_ENTRY INSTANCE_NAME="|vending_machine|lpm_mux:Mux28" CBX_FILE_NAME="mux_3nc.tdf"/>
		<CBX_INST_ENTRY INSTANCE_NAME="|vending_machine|hex_controller:display|lpm_mux:Mux16" CBX_FILE_NAME="mux_3nc.tdf"/>
		<CBX_INST_ENTRY INSTANCE_NAME="|vending_machine|hex_controller:display|lpm_mux:Mux25" CBX_FILE_NAME="mux_3nc.tdf"/>
		<CBX_INST_ENTRY INSTANCE_NAME="|vending_machine|hex_controller:display|lpm_mux:Mux7" CBX_FILE_NAME="mux_joc.tdf"/>
		<CBX_INST_ENTRY INSTANCE_NAME="|vending_machine|lpm_mux:Mux29" CBX_FILE_NAME="mux_3nc.tdf"/>
		<CBX_INST_ENTRY INSTANCE_NAME="|vending_machine|hex_controller:display|lpm_mux:Mux17" CBX_FILE_NAME="mux_joc.tdf"/>
		<CBX_INST_ENTRY INSTANCE_NAME="|vending_machine|hex_controller:display|lpm_mux:Mux26" CBX_FILE_NAME="mux_3nc.tdf"/>
		<CBX_INST_ENTRY INSTANCE_NAME="|vending_machine|hex_controller:display|lpm_mux:Mux8" CBX_FILE_NAME="mux_joc.tdf"/>
		<CBX_INST_ENTRY INSTANCE_NAME="|vending_machine|hex_controller:display|lpm_mux:Mux18" CBX_FILE_NAME="mux_3nc.tdf"/>
		<CBX_INST_ENTRY INSTANCE_NAME="|vending_machine|hex_controller:display|lpm_mux:Mux27" CBX_FILE_NAME="mux_joc.tdf"/>
		<CBX_INST_ENTRY INSTANCE_NAME="|vending_machine|hex_controller:display|lpm_mux:Mux9" CBX_FILE_NAME="mux_3nc.tdf"/>
		<CBX_INST_ENTRY INSTANCE_NAME="|vending_machine|hex_controller:display|lpm_mux:Mux19" CBX_FILE_NAME="mux_3nc.tdf"/>
		<CBX_INST_ENTRY INSTANCE_NAME="|vending_machine|lpm_mux:Mux0" CBX_FILE_NAME="mux_3nc.tdf"/>
		<CBX_INST_ENTRY INSTANCE_NAME="|vending_machine|lpm_mux:Mux1" CBX_FILE_NAME="mux_3nc.tdf"/>
		<CBX_INST_ENTRY INSTANCE_NAME="|vending_machine|lpm_mux:Mux10" CBX_FILE_NAME="mux_umc.tdf"/>
		<CBX_INST_ENTRY INSTANCE_NAME="|vending_machine|lpm_mux:Mux11" CBX_FILE_NAME="mux_3nc.tdf"/>
		<CBX_INST_ENTRY INSTANCE_NAME="|vending_machine|lpm_mux:Mux2" CBX_FILE_NAME="mux_3nc.tdf"/>
		<CBX_INST_ENTRY INSTANCE_NAME="|vending_machine|lpm_mux:Mux20" CBX_FILE_NAME="mux_3nc.tdf"/>
	</PROJECT>
</LOG_ROOT>
